X,SBS2_GRCh38
A[C>A]A,5.79005909129116e-07
A[C>A]C,0.000145504532003707
A[C>A]G,5.36186073164881e-05
A[C>A]T,9.75912243380865e-05
A[C>G]A,2.22617789199643e-16
A[C>G]C,0.000130757451057385
A[C>G]G,1.55832281302221e-05
A[C>G]T,9.10053134931849e-05
A[C>T]A,6.09952776686017e-05
A[C>T]C,0.00135673144706159
A[C>T]G,3.35244447275174e-05
A[C>T]T,0.0018560294199268
A[T>A]A,9.48666602243016e-05
A[T>A]C,0.000875074368898528
A[T>A]G,2.52331144101491e-05
A[T>A]T,2.20792375685429e-16
A[T>C]A,6.10351713851867e-05
A[T>C]C,2.14283586917066e-05
A[T>C]G,1.30618474593714e-05
A[T>C]T,0.000153465552606464
A[T>G]A,0.000235435507126004
A[T>G]C,7.43514213209911e-05
A[T>G]G,2.0285444917963e-06
A[T>G]T,3.72277727613099e-06
C[C>A]A,0.000205314317697578
C[C>A]C,9.34388688604433e-05
C[C>A]G,2.2214428150603e-16
C[C>A]T,0.000415576547930377
C[C>G]A,2.20120638685384e-16
C[C>G]C,0.000344145256768264
C[C>G]G,4.85131233602853e-05
C[C>G]T,6.27806851505273e-05
C[C>T]A,0.00426422044448814
C[C>T]C,0.000166680038890613
C[C>T]G,0.00275937067162198
C[C>T]T,0.00143132065201674
C[T>A]A,0.000241151049401394
C[T>A]C,0.000242876161926022
C[T>A]G,0.000147868880093755
C[T>A]T,2.22751099017644e-16
C[T>C]A,0.000299702127239593
C[T>C]C,2.83687320282444e-05
C[T>C]G,2.21307115845015e-16
C[T>C]T,0.000185792396490052
C[T>G]A,0.000151835845919396
C[T>G]C,0.0001542860864694
C[T>G]G,0.000120081439539223
C[T>G]T,0.000202773421975702
G[C>A]A,8.57251586418347e-05
G[C>A]C,2.18723508330305e-16
G[C>A]G,1.39330364080141e-05
G[C>A]T,5.06611173221181e-05
G[C>G]A,6.5039737531044e-05
G[C>G]C,0.000255994778808114
G[C>G]G,2.23530008560227e-16
G[C>G]T,0.000132589642991481
G[C>T]A,2.21771582101267e-16
G[C>T]C,1.26526155043091e-07
G[C>T]G,2.23530008560227e-16
G[C>T]T,4.986953736396e-05
G[T>A]A,2.20022003325224e-16
G[T>A]C,0.000129543744927479
G[T>A]G,6.36128439391058e-05
G[T>A]T,6.32263555982741e-05
G[T>C]A,2.20022003325224e-16
G[T>C]C,2.70954092443735e-05
G[T>C]G,0.000106686117578124
G[T>C]T,1.25848637735419e-05
G[T>G]A,0.000206208962757721
G[T>G]C,0.000131521512025609
G[T>G]G,3.69911678705458e-05
G[T>G]T,2.24513969719987e-16
T[C>A]A,0.000637963041647135
T[C>A]C,0.000169414891007159
T[C>A]G,8.64769572871816e-05
T[C>A]T,0.000441166370976711
T[C>G]A,2.22638119385464e-16
T[C>G]C,9.83602926023915e-05
T[C>G]G,4.17684717494946e-05
T[C>G]T,0.00118312799489209
T[C>T]A,0.535130188298692
T[C>T]C,0.0969651111470385
T[C>T]G,0.0448098653234869
T[C>T]T,0.300795252938667
T[T>A]A,0.000413733817388
T[T>A]C,0.000194252630197133
T[T>A]G,5.01164213447466e-05
T[T>A]T,0.000204312163335997
T[T>C]A,2.18631851368541e-16
T[T>C]C,4.40103615290382e-05
T[T>C]G,0.000117038349248211
T[T>C]T,3.56798802313596e-05
T[T>G]A,1.63728785554019e-05
T[T>G]C,7.12259644056158e-05
T[T>G]G,9.54312693870027e-05
T[T>G]T,2.22251767921597e-16
